{
  "spearman_full": 0.5646360539519859,
  "mi_full": 0.5906609230386572,
  "jaccard_q85": 0.015075376884403172,
  "enrichment_q85": 2.665295629359488,
  "ridge_frac": 0.005787037037037037,
  "high_grad_frac_q85": 0.15007716049382716,
  "null": {
    "N": 500,
    "rho_obs": 0.5646360539519859,
    "rho_mu": 0.0016190699534490705,
    "rho_sd": 0.026698600500822067,
    "mi_obs": 0.5906609230386572,
    "mi_mu": 0.28029757738113403,
    "mi_sd": 0.0057550957426428795,
    "p_rho_one_sided": 0.001996007984031936,
    "p_mi_one_sided": 0.001996007984031936,
    "elapsed_s": 0.7168660163879395
  },
  "timestamp": "2025-10-29T19:49:51"
}